{
  "model_type": "linear_ridge_regression",
  "feature_names": [
    "priority_rank_inv",
    "priority_bucket_inv",
    "duration_hours_inv",
    "effective_duration_hours_inv",
    "slack_hours_inv",
    "site_options_inv",
    "avg_site_importance",
    "descendant_ratio",
    "heuristic_score"
  ],
  "weights": [
    0.027400177126588588,
    -0.011336956333640222,
    0.006134918373412183,
    0.010793374167126925,
    0.03425465944296267,
    -0.0015997635097184364,
    0.0,
    0.008505355049292302,
    0.003446560167317956
  ],
  "bias": 0.015040994041649804,
  "feature_mean": [
    0.02000517046974792,
    0.2885534450268332,
    0.6083997417576282,
    0.4758028805300278,
    0.06726867813883634,
    0.47765453375739175,
    0.0,
    0.03709222386311439,
    -0.822510284293634
  ],
  "feature_std": [
    0.019309691096470176,
    0.09479253481468111,
    0.18775781733583832,
    0.11507146660484961,
    0.042410481347725605,
    0.29511661451226145,
    1.0,
    0.1467569464074118,
    9.042136742973955
  ],
  "train_rows": 490925,
  "train_decisions": 7384,
  "train_mse": 0.01316790010993886
}